Юлия, 1650860443, /help
Юлия, 1650860443, /help
Юлия, 1650860443, /help
Юлия, 1650860443, /print
Юлия, 1650860443, /print
Юлия, 1650860443, /help
Юлия, 1650860443, /print
Юлия, 1650860443, /print
Юлия, 1650860443, /print
Юлия, 1650860443, /print
Юлия, 1650860443, /print
Юлия, 1650860443, /print
Юлия, 1650860443, /print
Юлия, 1650860443, /print
Юлия, 1650860443, /print
Юлия, 1650860443, /print
Юлия, 1650860443, /print
Юлия, 1650860443, /help
Юлия, 1650860443, /help
Юлия, 1650860443, /print_all_base
Юлия, 1650860443, /help
Юлия, 1650860443, /1_Print_all_base
Юлия, 1650860443, /1_Print_all_base
Юлия, 1650860443, /help
Юлия, 1650860443, /sum
Юлия, 1650860443, /help
Юлия, 1650860443, /sum
Юлия, 1650860443, /help
Юлия, 1650860443, /sum
Юлия, 1650860443, /help
Юлия, 1650860443, /sum
Юлия, 1650860443, /sum 123 123
Юлия, 1650860443, /help
Юлия, 1650860443, /help
Юлия, 1650860443, /help
Юлия, 1650860443, /help
